route_path,menu_title,parent_group,component_file,permission,route_name,football_path,football_component,component_name,hide_in_menu,in_layout,excluded_m9,data_scope,menu_id
/external-account,外部账号分析,作品监测,@/views/account/ExternalAccountAnalysis.vue,oa:external-account:list,ExternalAccount,/ops/external-account,ops/account/ExternalAccountAnalysis,ExternalAccount,N,Y,N,,
/high-fans-account,高粉账号分析,作品监测,@/views/account/HighFansAccountAnalysis.vue,oa:high-fans:list,HighFansAccount,/ops/high-fans-account,ops/account/HighFansAccountAnalysis,HighFansAccount,N,Y,N,MEMBER_GROUPS,6112
/hot-works,爆款作品分析,作品监测,@/views/content/HotWorksAnalysis.vue,oa:hot-works:list,HotWorks,/ops/hot-works,ops/content/HotWorksAnalysis,HotWorks,N,Y,N,MEMBER_GROUPS,6113
/ip-theme,IP主题数据,作品监测,@/views/content/IPThemeData.vue,oa:ip-theme:list,IPTheme,/ops/ip-theme,ops/content/IPThemeData,IPTheme,N,Y,N,,
/low-fans-account,低粉账号分析,作品监测,@/views/account/LowFansAccountAnalysis.vue,oa:low-fans:list,LowFansAccount,/ops/low-fans-account,ops/account/LowFansAccountAnalysis,LowFansAccount,N,Y,N,MEMBER_GROUPS,6115
/low-score,低分作品分析,作品监测,@/views/content/LowScoreAnalysis.vue,oa:low-score:list,LowScore,/ops/low-score,ops/content/LowScoreAnalysis,LowScore,N,Y,N,MEMBER_GROUPS,6116
/content,内容管理,内容生产,@/views/production/content/index.vue,oa:content:list,Content,/ops/content,ops/production/content/index,Content,N,Y,N,,
/content/review,内容审核,内容生产,@/views/production/content/review.vue,oa:content:list,ContentReview,/ops/content/review,ops/production/content/review,ContentReview,N,Y,N,,
/knowledge,内容知识库,内容生产,@/views/production/knowledge/index.vue,oa:knowledge:list,Knowledge,/ops/knowledge,ops/production/knowledge/index,Knowledge,N,Y,N,,
/layout-template,公推模板库,内容生产,@/views/production/layout-template/index.vue,oa:layout-template:list,LayoutTemplate,/ops/layout-template,ops/production/layout-template/index,LayoutTemplate,N,Y,N,,
/plan,计划管理,内容生产,@/views/production/plan/index.vue,oa:plan:list,Plan,/ops/plan,ops/production/plan/index,Plan,N,Y,N,SELF_CREATOR,6121
/plan/:id,计划详情,,@/views/production/plan/detail.vue,oa:plan:list,PlanDetail,/ops/plan/:id,ops/production/plan/detail,PlanDetail,N,N,N,SELF_CREATOR,6121
/sop,SOP管理,内容生产,@/views/production/sop/index.vue,oa:sop:list,Sop,/ops/sop,ops/production/sop/index,Sop,N,Y,N,,
/sop/review,SOP审核,内容生产,@/views/production/sop/review.vue,oa:sop:list,SopReview,/ops/sop/review,ops/production/sop/review,SopReview,N,Y,N,,
/task,任务管理,内容生产,@/views/production/task/index.vue,oa:task:list,Task,/ops/task,ops/production/task/index,Task,N,Y,N,ASSIGNEE,6124
/custom-query,自定义查询,数据分析,@/views/analysis/CustomQuery.vue,oa:custom-query:list,CustomQuery,/ops/custom-query,ops/analysis/CustomQuery,CustomQuery,N,Y,N,SELF_CREATOR,6125
/data-report,数据报表,数据分析,@/views/analysis/ReportCenter.vue,oa:report:list,DataReport,/ops/data-report,ops/analysis/ReportCenter,DataReport,N,Y,N,,
/financial-analysis,总体财务分析,数据分析,@/views/finance/FinancialAnalysis.vue,oa:financial-analysis:list,FinancialAnalysis,/ops/financial-analysis,ops/finance/FinancialAnalysis,FinancialAnalysis,N,Y,N,,
/funnel-analysis,漏斗分析,数据分析,@/views/analysis/FunnelAnalysis.vue,oa:funnel-analysis:list,FunnelAnalysis,/ops/funnel-analysis,ops/analysis/FunnelAnalysis,FunnelAnalysis,N,Y,N,SELF_CREATOR,6128
/metric,指标管理,数据分析,@/views/analysis/MetricManage.vue,oa:metric:list,Metric,/ops/metric,ops/analysis/MetricManage,Metric,N,Y,N,,
/metric-analysis,指标分析,数据分析,@/views/analysis/MetricAnalysis.vue,oa:metric-analysis:list,MetricAnalysis,/ops/metric-analysis,ops/analysis/MetricAnalysis,MetricAnalysis,N,Y,N,SELF_CREATOR,6130
/screen,数据大屏,数据分析,@/views/screen/DataScreenFullscreen.vue,oa:screen:view,DataScreenFullscreen,/ops/screen,ops/screen/DataScreenFullscreen,DataScreenFullscreen,N,Y,N,,
/screen-config,大屏配置,数据分析,@/views/screen/ScreenConfig.vue,oa:screen-config:list,ScreenConfig,/ops/screen-config,ops/screen/ScreenConfig,ScreenConfig,N,Y,N,,
/collect/log,采集日志,数据采集,@/views/collect/log.vue,oa:collect:log:list,CollectLog,/ops/collect/log,ops/collect/log,CollectLog,N,Y,N,,
/collect/private-domain-bridge,私域桥接,数据采集,@/views/collect/private-domain-bridge.vue,oa:collect:bridge:list,PrivateDomainBridge,/ops/collect/private-domain-bridge,ops/collect/private-domain-bridge,PrivateDomainBridge,N,Y,N,,
/collect/quality,数据质量,数据采集,@/views/collect/quality.vue,oa:collect:quality:list,CollectQuality,/ops/collect/quality,ops/collect/quality,CollectQuality,N,Y,N,,
/collect/task,采集任务,数据采集,@/views/collect/task.vue,oa:collect:task:list,CollectTask,/ops/collect/task,ops/collect/task,CollectTask,N,Y,N,,
/system-message,消息管理,系统管理(OA),@/views/system/MessageManage.vue,oa:message:list,SystemMessage,/ops/system-message,ops/system/MessageManage,SystemMessage,N,Y,N,,
/system-param,系统参数,系统管理(OA),@/views/system/ParamManage.vue,oa:param:list,SystemParam,/ops/system-param,ops/system/ParamManage,SystemParam,N,Y,N,,
/order-attribution,订单归因分析,绩效核算,@/views/performance/OrderAttribution.vue,oa:order-attribution:list,OrderAttribution,/ops/order-attribution,ops/performance/OrderAttribution,OrderAttribution,N,Y,N,,
/perf-execution,考核执行,绩效核算,@/views/performance/PerfExecution.vue,oa:perf:list,PerfExecution,/ops/perf-execution,ops/performance/PerfExecution,PerfExecution,N,Y,N,,
/perf-result,绩效结果,绩效核算,@/views/performance/PerfResult.vue,oa:perf:list,PerfResult,/ops/perf-result,ops/performance/PerfResult,PerfResult,N,Y,N,,
/perf-template,考核模板,绩效核算,@/views/performance/PerfTemplate.vue,oa:perf:list,PerfTemplate,/ops/perf-template,ops/performance/PerfTemplate,PerfTemplate,N,Y,N,,
/account-cost,账号成本管理,财务管理,@/views/finance/AccountCostManage.vue,oa:cost:list,AccountCost,/ops/account-cost,ops/finance/AccountCostManage,AccountCost,N,Y,N,MEMBER_GROUPS,6146
/roi-analysis,ROI分析,财务管理,@/views/finance/RoiAnalysis.vue,oa:roi:list,RoiAnalysis,/ops/roi-analysis,ops/finance/RoiAnalysis,RoiAnalysis,N,Y,N,MEMBER_GROUPS,6147
/company,公司管理,账号管理,@/views/internal/CompanyManage.vue,oa:company:list,Company,/ops/company,ops/internal/CompanyManage,Company,N,Y,N,,
/internal-account,平台账号管理,账号管理,@/views/internal/InternalAccountManage.vue,oa:platform-account:list,InternalAccount,/ops/internal-account,ops/internal/InternalAccountManage,InternalAccount,N,Y,N,MEMBER_GROUPS,6149
/personal-account,个人账号管理,账号管理,@/views/internal/PersonalAccountManage.vue,oa:personal-account:list,PersonalAccount,/ops/personal-account,ops/internal/PersonalAccountManage,PersonalAccount,N,Y,N,,
/phone,手机管理,账号管理,@/views/internal/PhoneManage.vue,oa:phone:list,Phone,/ops/phone,ops/internal/PhoneManage,Phone,N,Y,N,,
/realname,实名人管理,账号管理,@/views/internal/RealnameManage.vue,oa:realname:list,Realname,/ops/realname,ops/internal/RealnameManage,Realname,N,Y,N,,
/simcard,手机卡管理,账号管理,@/views/internal/SimcardManage.vue,oa:simcard:list,Simcard,/ops/simcard,ops/internal/SimcardManage,Simcard,N,Y,N,,
/account-analysis,账号分析,运营管理,@/views/operations/AccountAnalysis.vue,oa:account-analysis:list,AccountAnalysis,/ops/account-analysis,ops/operations/AccountAnalysis,AccountAnalysis,N,Y,N,MEMBER_GROUPS,6154
/efficiency,人效盘点,运营管理,@/views/operations/Efficiency.vue,oa:efficiency:list,Efficiency,/ops/efficiency,ops/operations/Efficiency,Efficiency,N,Y,N,PRODUCTIVITY_3WAY,6156
/fans-analysis,粉丝分析,运营管理,@/views/operations/FansAnalysis.vue,oa:fans-analysis:list,FansAnalysis,/ops/fans-analysis,ops/operations/FansAnalysis,FansAnalysis,N,Y,N,MEMBER_GROUPS,6157
/internal-content,内部作品分析,运营管理,@/views/operations/InternalContent.vue,oa:internal-content:list,InternalContent,/ops/internal-content,ops/operations/InternalContent,InternalContent,N,Y,N,MEMBER_GROUPS,6158
/ip-group,IP组管理,运营管理,@/views/operations/IpGroup.vue,oa:ip-group:list,IpGroup,/ops/ip-group,ops/operations/IpGroup,IpGroup,N,Y,N,IP_GROUP_LED,6159
/config-ai-model,AI模型,配置管理,@/views/config/AiModelConfig.vue,oa:config:ai-model:list,ConfigAiModel,/ops/config-ai-model,ops/config/AiModelConfig,ConfigAiModel,N,Y,N,,
/config-ai-prompt,AI提示词,配置管理,@/views/config/AiPromptConfig.vue,oa:config:ai-prompt:list,ConfigAiPrompt,/ops/config-ai-prompt,ops/config/AiPromptConfig,ConfigAiPrompt,N,Y,N,,
/config-external-collect,外部采集配置,配置管理,@/views/config/ExternalCollectConfig.vue,oa:config:external-collect:list,ConfigExternalCollect,/ops/config-external-collect,ops/config/ExternalCollectConfig,ConfigExternalCollect,N,Y,N,,
/config-external-data,外部数据配置,配置管理,@/views/config/ExternalDataConfig.vue,oa:config:external-data:list,ConfigExternalData,/ops/config-external-data,ops/config/ExternalDataConfig,ConfigExternalData,N,Y,N,,
/config-internal-collect,内部采集配置,配置管理,@/views/config/InternalCollectConfig.vue,oa:config:internal-collect:list,ConfigInternalCollect,/ops/config-internal-collect,ops/config/InternalCollectConfig,ConfigInternalCollect,N,Y,N,,
/config-metadata,元数据维护,配置管理,@/views/config/MetadataManage.vue,oa:metadata:query,ConfigMetadata,/ops/config-metadata,ops/config/MetadataManage,ConfigMetadata,N,Y,N,,
/config-order-collect,订单采集配置,配置管理,@/views/config/OrderCollectConfig.vue,oa:config:order-collect:list,ConfigOrderCollect,/ops/config-order-collect,ops/config/OrderCollectConfig,ConfigOrderCollect,N,Y,N,,
/config-threshold,阈值规则配置,配置管理,@/views/config/ThresholdConfig.vue,oa:config:threshold:list,ConfigThreshold,/ops/config-threshold,ops/config/ThresholdConfig,ConfigThreshold,N,Y,N,,
/dashboard,首页仪表盘,首页,@/views/Dashboard.vue,oa:home:view,Dashboard,/ops/dashboard,ops/Dashboard,Dashboard,N,Y,N,,
/analysis/account/:id/detail,账号详情,,@/views/analysis/AccountAnalysisDetail.vue,oa:analysis:list,AccountAnalysisDetail,/ops/analysis/account/:id/detail,ops/analysis/AccountAnalysisDetail,AccountAnalysisDetail,Y,N,N,,
/analysis/report/account-alert,异常预警,,@/views/analysis/ReportAccountAlert.vue,oa:analysis:list,ReportAccountAlert,/ops/analysis/report/account-alert,ops/analysis/ReportAccountAlert,ReportAccountAlert,Y,N,N,,
/analysis/report/account-status,状态监控,,@/views/analysis/ReportAccountStatus.vue,oa:analysis:list,ReportAccountStatus,/ops/analysis/report/account-status,ops/analysis/ReportAccountStatus,ReportAccountStatus,Y,N,N,,
/analysis/report/cost-allocation,成本分摊,,@/views/analysis/ReportCostAllocation.vue,oa:analysis:list,ReportCostAllocation,/ops/analysis/report/cost-allocation,ops/analysis/ReportCostAllocation,ReportCostAllocation,Y,N,N,,
/analysis/report/live-duration,直播时长,,@/views/analysis/ReportLiveDuration.vue,oa:analysis:list,ReportLiveDuration,/ops/analysis/report/live-duration,ops/analysis/ReportLiveDuration,ReportLiveDuration,Y,N,N,,
/analysis/report/roi,ROI 分析,,@/views/analysis/ReportRoi.vue,oa:analysis:list,ReportRoi,/ops/analysis/report/roi,ops/analysis/ReportRoi,ReportRoi,Y,N,N,,
/analysis/report/team-config,团队配置,,@/views/analysis/ReportTeamConfig.vue,oa:analysis:list,ReportTeamConfig,/ops/analysis/report/team-config,ops/analysis/ReportTeamConfig,ReportTeamConfig,Y,N,N,,
/analysis/report/unified-account,统一视图,,@/views/analysis/ReportUnifiedAccount.vue,oa:analysis:list,ReportUnifiedAccount,/ops/analysis/report/unified-account,ops/analysis/ReportUnifiedAccount,ReportUnifiedAccount,Y,N,N,,
/analysis/report/video-output,短视频产出,,@/views/analysis/ReportVideoOutput.vue,oa:analysis:list,ReportVideoOutput,/ops/analysis/report/video-output,ops/analysis/ReportVideoOutput,ReportVideoOutput,Y,N,N,,
/author/:id/dashboard,作者看板,,@/views/operations/AuthorDashboard.vue,oa:author:list,AuthorDashboard,/ops/author/:id/dashboard,ops/operations/AuthorDashboard,AuthorDashboard,Y,N,N,,
/collect/task/:id,编辑采集任务,,@/views/collect/task-edit.vue,oa:collect:list,CollectTaskEdit,/ops/collect/task/:id,ops/collect/task-edit,CollectTaskEdit,Y,N,N,,
/company/:id,公司详情,,@/views/internal/CompanyDetail.vue,oa:company:list,CompanyDetail,/ops/company/:id,ops/internal/CompanyDetail,CompanyDetail,Y,N,N,,
/content/edit,内容创作,,@/views/production/content/edit.vue,oa:content:list,ContentEdit,/ops/content/edit,ops/production/content/edit,ContentEdit,Y,N,N,,
/content/edit/:id,内容编辑,,@/views/production/content/edit.vue,oa:content:list,ContentEditWithId,/ops/content/edit/:id,ops/production/content/edit,ContentEditWithId,Y,N,N,,
/finance/cost/edit,成本录入,,@/views/finance/CostEntry.vue,oa:finance:list,CostEntry,/ops/finance/cost/edit,ops/finance/CostEntry,CostEntry,Y,N,N,,
/finance/roi/trend,ROI 趋势,,@/views/finance/RoiTrend.vue,oa:finance:list,RoiTrend,/ops/finance/roi/trend,ops/finance/RoiTrend,RoiTrend,Y,N,N,,
/industry-data,行业数据,,@/views/analysis/IndustryData.vue,oa:industry-data:list,IndustryData,/ops/industry-data,ops/analysis/IndustryData,IndustryData,Y,N,N,,
/internal-content/:id,作品详情,,@/views/operations/InternalContentDetail.vue,oa:internal-content:list,InternalContentDetail,/ops/internal-content/:id,ops/operations/InternalContentDetail,InternalContentDetail,Y,N,N,MEMBER_GROUPS,6158
/layout-template/:id,模板预览,,@/views/production/layout-template/preview.vue,oa:layout-template:list,LayoutTemplatePreview,/ops/layout-template/:id,ops/production/layout-template/preview,LayoutTemplatePreview,Y,N,N,,
/layout-template/:id/edit,编辑公推模板,,@/views/production/layout-template/edit.vue,oa:layout-template:list,LayoutTemplateEdit,/ops/layout-template/:id/edit,ops/production/layout-template/edit,LayoutTemplateEdit,Y,N,N,,
/layout-template/create,新建公推模板,,@/views/production/layout-template/edit.vue,oa:layout-template:list,LayoutTemplateCreate,/ops/layout-template/create,ops/production/layout-template/edit,LayoutTemplateCreate,Y,N,N,,
/layout-template/import,模板导入,,@/views/production/layout-template/import.vue,oa:layout-template:list,LayoutTemplateImport,/ops/layout-template/import,ops/production/layout-template/import,LayoutTemplateImport,Y,N,N,,
/perf/order-attribution/roi,ROI 分析,,@/views/performance/OrderAttributionRoi.vue,oa:perf:list,OrderAttributionRoi,/ops/perf/order-attribution/roi,ops/performance/OrderAttributionRoi,OrderAttributionRoi,Y,N,N,,
/perf/record/:id,执行详情,,@/views/performance/PerfRecordDetail.vue,oa:perf:list,PerfRecordDetail,/ops/perf/record/:id,ops/performance/PerfRecordDetail,PerfRecordDetail,Y,N,N,,
/perf/result/:userId/trend,个人绩效趋势,,@/views/performance/PerfUserTrend.vue,oa:perf:list,PerfUserTrend,/ops/perf/result/:userId/trend,ops/performance/PerfUserTrend,PerfUserTrend,Y,N,N,,
/perf/template/:id,模板编辑,,@/views/performance/PerfTemplateEdit.vue,oa:perf:list,PerfTemplateEdit,/ops/perf/template/:id,ops/performance/PerfTemplateEdit,PerfTemplateEdit,Y,N,N,,
/platform-account/:id,平台账号详情,,@/views/internal/PlatformAccountDetail.vue,oa:platform-account:list,PlatformAccountDetail,/ops/platform-account/:id,ops/internal/PlatformAccountDetail,PlatformAccountDetail,Y,N,N,MEMBER_GROUPS,6149
/realname/:id,实名人详情,,@/views/internal/RealnameDetail.vue,oa:realname:list,RealnameDetail,/ops/realname/:id,ops/internal/RealnameDetail,RealnameDetail,Y,N,N,,
/screen/:id,数据大屏,,@/views/screen/DataScreenFullscreen.vue,oa:screen:list,DataScreenFullscreenById,/ops/screen/:id,ops/screen/DataScreenFullscreen,DataScreenFullscreenById,Y,N,N,,
/simcard/:id/linked,跨平台查询,,@/views/internal/SimCardLinked.vue,oa:simcard:list,SimCardLinked,/ops/simcard/:id/linked,ops/internal/SimCardLinked,SimCardLinked,Y,N,N,,
/sop/:id/edit,编辑SOP模板,,@/views/production/sop/edit.vue,oa:sop:list,SopEdit,/ops/sop/:id/edit,ops/production/sop/edit,SopEdit,Y,N,N,,
/task/:id/execute,任务执行,,@/views/production/task/execute.vue,oa:task:list,TaskExecute,/ops/task/:id/execute,ops/production/task/execute,TaskExecute,Y,N,N,ASSIGNEE,6124
/triple-rel,三方关联统计,,@/views/internal/TripleRelManage.vue,oa:triple-rel:list,TripleRel,/ops/triple-rel,ops/internal/TripleRelManage,TripleRel,Y,N,N,,
/wechat-data,微信数据分析,,@/views/analysis/WechatDataAnalysis.vue,oa:wechat-data:list,WechatData,/ops/wechat-data,ops/analysis/WechatDataAnalysis,WechatData,Y,N,N,,
/workbench-todos,全部待办,,@/views/WorkbenchTodos.vue,oa:home:view,WorkbenchTodos,/ops/workbench-todos,ops/WorkbenchTodos,WorkbenchTodos,Y,N,N,,
/system-role,角色权限,系统管理(OA),@/views/system/RoleManage.vue,,SystemRole,/ops/system-role,ops/system/RoleManage,SystemRole,Y,Y,Y,,
/system-tenant,租户管理,系统管理(OA),@/views/system/TenantManage.vue,,SystemTenant,/ops/system-tenant,ops/system/TenantManage,SystemTenant,Y,Y,Y,,
/system-user,用户管理,系统管理(OA),@/views/system/UserManage.vue,,SystemUser,/ops/system-user,ops/system/UserManage,SystemUser,Y,Y,Y,,
